<?xml version="1.0" encoding="UTF-8"?>


<beans xmlns="http://www.springframework.org/schema/beans"
	xmlns:xsi="http://www.w3.org/2001/XMLSchema-instance"
	xmlns:aop="http://www.springframework.org/schema/aop"
	xmlns:tx="http://www.springframework.org/schema/tx"
	xmlns:context="http://www.springframework.org/schema/context"
       xmlns:mvc="http://www.springframework.org/schema/mvc"
	xsi:schemaLocation="
        http://www.springframework.org/schema/beans
        http://www.springframework.org/schema/beans/spring-beans.xsd
        http://www.springframework.org/schema/tx
        http://www.springframework.org/schema/tx/spring-tx.xsd
         http://www.springframework.org/schema/context
         http://www.springframework.org/schema/context/spring-context.xsd
         http://www.springframework.org/schema/mvc
         http://www.springframework.org/schema/mvc/spring-mvc.xsd 
        http://www.springframework.org/schema/aop
        http://www.springframework.org/schema/aop/spring-aop.xsd">

    <context:component-scan base-package="com.global.controller"/>
    <context:annotation-config></context:annotation-config>
   
   
 <tx:annotation-driven transaction-manager="transactionManager"
       proxy-target-class="true"/>  
      
  <bean id="dataSource" class="org.springframework.jdbc.datasource.DriverManagerDataSource">
       <property name="driverClassName" value="org.postgresql.Driver"/>
       <property name="url" value="jdbc:postgresql://127.0.0.1:5432/shoppingcartdb"/>
       <property name="username" value="postgres"/>
       <property name="password" value="Redmi@765#"/>
 </bean>

<bean id="sessionFactory" class="org.springframework.orm.hibernate5.LocalSessionFactoryBean">
  <property name="dataSource" ref="dataSource"/>
   <property name="annotatedClasses">
   		<list>
   			<value>com.global.dao.ShoppingCartDAOImpl</value>
   			<value>com.global.beans.User</value>
   			<value>com.global.beans.Role</value>
   			<value>com.global.beans.Product</value>
   			<value>com.global.beans.Cart</value>
   			<value>com.global.beans.Bill</value>
   		</list> 
   </property>       
   <property name="hibernateProperties">
      <props>
        <prop key="hibernate.dialect">org.hibernate.dialect.PostgreSQLDialect</prop>
           <prop key="hibernate.hbm2ddl.auto">update</prop> 
        <prop key="hibernate.show_sql">true</prop>
         <prop key="hibernate.connection.autocommit">true</prop> 
        </props>
   </property>
    
</bean>
<bean id="transactionManager"  class="org.springframework.orm.hibernate5.HibernateTransactionManager">
  <property name="sessionFactory" ref="sessionFactory"/>
</bean>

<bean id="hibernateTemplate" class="org.springframework.orm.hibernate5.HibernateTemplate">
  <property name="sessionFactory" ref="sessionFactory"/>
   <property name="checkWriteOperations" value="false"/> 
 
</bean>


  <bean id="shoppingCartDao" class="com.global.dao.ShoppingCartDAOImpl">
  		<property name="hibernateTemplate" ref="hibernateTemplate"/>
  </bean>   
  
 
  
</beans>
