<?xml version="1.0" encoding="UTF-8"?>

<beans xmlns="http://www.springframework.org/schema/beans"
	xmlns:xsi="http://www.w3.org/2001/XMLSchema-instance"
	xmlns:aop="http://www.springframework.org/schema/aop"
	xmlns:context = "http://www.springframework.org/schema/context"
	xmlns:tx="http://www.springframework.org/schema/tx"
	xmlns:mvc="http://www.springframework.org/schema/mvc"
	xsi:schemaLocation="
        http://www.springframework.org/schema/beans
        http://www.springframework.org/schema/beans/spring-beans.xsd
        http://www.springframework.org/schema/tx
        http://www.springframework.org/schema/tx/spring-tx.xsd
        http://www.springframework.org/schema/aop
        http://www.springframework.org/schema/aop/spring-aop.xsd
        http://www.springframework.org/schema/context
		http://www.springframework.org/schema/context/spring-context-3.0.xsd
         http://www.springframework.org/schema/mvc
         http://www.springframework.org/schema/mvc/spring-mvc.xsd">

    <context:component-scan base-package="com.global.controller"/>
 <tx:annotation-driven transaction-manager="transactionManager"
       proxy-target-class="true"/>   
      <context:annotation-config/>  
  <bean id="ds" class="org.springframework.jdbc.datasource.DriverManagerDataSource">		 
       	<property name="driverClassName" value="org.postgresql.Driver"/>
		 	<property name="url" value="jdbc:postgresql://127.0.0.1:5432/employeedb"/>
		 	<property name="username" value="postgres"/>
		 	<property name="password" value="Redmi@765#"/>
		 </bean>
		<bean id="sessionFactory" class="org.springframework.orm.hibernate5.LocalSessionFactoryBean">
			<property name="dataSource" ref="ds"/>
			<property name="annotatedClasses" value="com.global.dao.EmployeeDAOImpl, com.global.model.Employee"></property>
			
			<property name="hibernateProperties">
				<props>
					<prop key="hibernate.dialect">org.hibernate.dialect.PostgreSQLDialect</prop>
					<prop key="hibernate.hbm2ddl.auto">update</prop>
					<prop key="hibernate.connection.autocommit">true</prop>
					<prop key="hibernate.show_sql">true</prop>
				</props>
			</property>			
		</bean>
		<bean id="transactionManager"  class="org.springframework.orm.hibernate5.HibernateTransactionManager">
           <property name="sessionFactory" ref="sessionFactory"/>
       </bean>

		 <bean id="hibernateTemplate" class="org.springframework.orm.hibernate5.HibernateTemplate">
		  <property name="sessionFactory" ref="sessionFactory"/>
		   <property name="checkWriteOperations" value="false"/> 
		 </bean>
		 
		 <bean id="employeeDAO" class="com.global.dao.EmployeeDAOImpl">
		 	<property name="hibernateTemplate" ref="hibernateTemplate"></property>
		 </bean>
</beans>


<!--    <mvc:annotation-driven /> -->
<!-- 
<bean id="viewResolver"
		class="org.springframework.web.servlet.view.InternalResourceViewResolver">
		<property name="prefix">
			<value>/</value>
		</property>
		<property name="suffix">
			<value>.jsp</value>
		</property>
	</bean>

 -->